Grounded,Time[secs],Forefoot Force[N],Midfoot Force[N],Heel Force[N],TForce[N],RAnkleFlexion,RAnkleInversion,RAnkleAbduction,RAnkleAbduction,Person
0,0.01,27.5,0,4.95,32.45,0,-7.901755,12.804566,9.594689,1
0,0.02,19.91,0,4.95,24.86,0,-4.820748,14.261621,10.246241,1
0,0.03,14.96,0,2.42,17.38,0,-3.940931,12.47339,11.680891,1
0,0.04,12.43,0,4.95,17.38,0,-3.430652,10.684993,10.775293,1
0,0.05,12.43,0,2.42,14.85,0,-2.0835,10.603458,10.454216,1
0,0.06,12.43,0,2.42,14.85,0,-1.183415,10.215532,11.206918,1
0,0.07,9.9,0,2.42,12.32,0,-0.413112,9.52558,10.883625,1
0,0.08,9.9,0,2.42,12.32,0,0.794651,8.826858,10.867852,1
0,0.09,9.9,0,2.42,12.32,100,0.496704,7.784955,10.646037,1
0,0.1,7.48,0,2.42,9.9,0,2.464768,7.517789,11.0826,1
0,0.11,7.48,0,2.42,9.9,0,3.575181,7.133374,12.185037,1
0,0.12,4.95,0,4.95,9.9,0,3.365732,5.371806,12.053195,1
0,0.13,4.95,0,4.95,9.9,0,4.325144,4.777123,12.673256,1
0,0.14,4.95,0,2.42,7.37,0,4.179559,4.787402,12.628763,1
0,0.15,7.48,0,2.42,9.9,0,4.882565,5.046469,12.594491,1
0,0.16,5,0,2.5,7.5,0,4.913236,5.126842,13.214661,1
0,0.17,5,0,2.5,7.5,0,4.511847,4.931632,12.955109,1
0,0.18,5,0,2.5,7.5,0,5.232344,4.77907,12.997949,1
0,0.19,2.5,0,2.5,5,0,4.966438,4.88376,12.77287,1
0,0.2,5,0,2.5,7.5,0,5.129529,4.60429,12.452611,1
0,0.21,5,0,2.5,7.5,0,5.380047,4.079206,12.563367,1
0,0.22,2.5,0,2.5,5,0,5.088544,4.313864,12.758848,1
0,0.23,2.5,0,2.5,5,0,5.652824,4.649702,13.231851,1
0,0.24,2.5,0,2.5,5,0,5.786709,4.393911,13.331425,1
0,0.25,2.5,0,0,2.5,0,5.605214,4.198207,12.94128,1
0,0.26,2.5,0,2.5,5,0,4.632248,4.511906,12.441259,1
0,0.27,2.5,0,2.5,5,0,4.475724,4.990605,12.577029,1
0,0.28,2.5,0,2.5,5,0,4.954472,5.590436,12.588314,1
0,0.29,2.5,0,0,2.5,0,4.821931,5.44912,12.23745,1
0,0.3,2.5,0,2.5,5,0,5.450253,5.761481,12.590854,1
0,0.31,2.44,0,0,2.44,0,4.10267,4.998173,11.773027,1
0,0.32,2.44,0,0,2.44,0,4.50216,5.588042,12.500467,1
0,0.33,4.88,0,0,4.88,60,4.576228,5.451737,12.495739,1
0,0.34,4.88,0,0,4.88,0,3.729899,4.721037,12.218856,1
0,0.35,4.88,0,0,4.88,0,3.398336,4.531665,12.049564,1
0,0.36,4.88,0,2.44,7.32,0,2.901562,4.750496,12.136748,1
0,0.37,21.96,2.44,2.44,26.84,0,1.42955,4.016366,11.487095,1
0,0.38,27.45,7.32,2.44,37.21,0,0.162506,3.055185,11.869452,1
0,0.39,39.65,12.2,2.44,54.29,0,-1.269949,1.651061,11.705552,1
0,0.4,49.41,14.64,2.44,66.49,0,-1.383358,1.558575,12.110579,1
0,0.41,64.66,19.52,2.44,86.62,0,-1.305918,1.671649,12.655715,1
0,0.42,87.23,27.45,2.44,117.12,0,-0.774271,1.724746,12.492667,1
0,0.43,107.36,34.77,4.88,147.01,0,-0.915531,1.529669,11.866008,1
0,0.44,129.93,39.65,4.88,174.46,0,-0.934998,1.621009,11.489787,1
0,0.45,152.5,46.97,7.32,206.79,0,-1.052881,1.366232,11.380572,1
0,0.46,169.1,57,3.8,229.9,0,-1.301105,1.090021,11.458787,1
0,0.47,193.8,64.6,5.7,264.1,0,-1.282117,0.658553,11.616562,1
0,0.48,214.7,76,5.7,296.4,0,-1.029251,0.323597,11.953034,1
0,0.49,239.4,91.2,5.7,336.3,0,-0.988723,0.419002,12.206847,1
0,0.5,256.5,104.5,9.5,370.5,0,-1.173484,-0.004715,12.066784,1
0,0.51,273.6,121.6,9.5,404.7,0,-1.044151,-0.262506,11.709148,1
0,0.52,296.4,142.5,9.5,448.4,0,-0.663821,-0.433007,11.463831,1
0,0.53,319.2,159.6,9.5,488.3,0,-0.095715,-0.663223,11.289331,1
0,0.54,343.9,178.6,9.5,532,0,0.299132,-0.601282,11.521024,1
0,0.55,376.2,201.4,9.5,587.1,0,0.688379,-0.806296,11.83065,1
0,0.56,399,218.5,5.7,623.2,0,1.147229,-0.958909,12.052566,1
0,0.57,423.7,237.5,9.5,670.7,0,1.622603,-0.802017,12.490935,1
0,0.58,440.8,250.8,5.7,697.3,0,1.716708,-1.13072,12.527566,1
0,0.59,461.7,264.1,5.7,731.5,0,1.608829,-1.188415,12.328472,1
0,0.6,475,271.7,3.8,750.5,0,2.341421,-2.305787,12.33243,1
0,0.61,492.45,279.39,6.03,777.87,0,2.455026,-2.012015,12.601235,1
0,0.62,498.48,279.39,6.03,783.9,0,2.601993,-2.229143,12.556679,1
0,0.63,502.5,273.36,6.03,781.89,0,2.770038,-2.511868,12.412033,1
0,0.64,498.48,267.33,6.03,771.84,0,2.529951,-2.112896,12.277573,1
0,0.65,496.47,251.25,6.03,753.75,0,2.552207,-2.107845,12.341509,1
0,0.66,488.43,239.19,6.03,733.65,0,2.521843,-1.894319,12.422424,1
0,0.67,478.38,223.11,6.03,707.52,0,2.919335,-1.935579,12.843507,1
0,0.68,472.35,211.05,6.03,689.43,0,2.028535,-2.286065,11.816141,1
0,0.69,464.31,201,6.03,671.34,0,2.492199,-1.745427,12.39727,1
0,0.7,456.27,190.95,6.03,653.25,0,2.380051,-1.648826,12.516589,1
0,0.71,446.22,184.92,6.03,637.17,0,2.344705,-1.973539,11.941492,1
0,0.72,436.17,176.88,6.03,619.08,0,2.250899,-1.968888,12.014692,1
0,0.73,424.11,168.84,6.03,598.98,0,1.999959,-1.91748,12.385442,1
0,0.74,412.05,160.8,6.03,578.88,0,1.942599,-2.019665,12.332007,1
0,0.75,395.97,154.77,6.03,556.77,0,2.04015,-2.425873,12.095742,1
0,0.76,382.5,143.82,6.12,532.44,0,2.147518,-1.877548,12.264552,1
0,0.77,367.2,139.23,6.12,512.55,0,2.166319,-1.906701,12.393289,1
0,0.78,348.84,131.58,6.12,486.54,0,1.998197,-2.391604,12.270885,1
0,0.79,336.6,126.99,6.12,469.71,0,2.001787,-2.27376,12.404002,1
0,0.8,321.3,122.4,6.12,449.82,0,2.188787,-2.321058,12.394699,1
0,0.81,319.77,119.34,9.18,448.29,0,2.201792,-2.299231,12.356309,1
0,0.82,313.65,116.28,6.12,436.05,0,2.112285,-2.541226,12.608092,1
0,0.83,309.06,108.63,9.18,426.87,0,2.340348,-2.457218,12.558416,1
0,0.84,304.47,104.04,9.18,417.69,0,2.654881,-2.57499,12.656775,1
0,0.85,296.82,96.39,6.12,399.33,0,2.660484,-2.204518,13.002969,1
0,0.86,289.17,87.21,6.12,382.5,0,2.58411,-1.984697,13.336755,1
0,0.87,286.11,81.09,6.12,373.32,0,2.379425,-1.971229,13.377404,1
0,0.88,281.52,71.91,6.12,359.55,0,2.335197,-1.784001,13.48869,1
0,0.89,276.93,67.32,6.12,350.37,0,2.183847,-1.469998,13.881996,1
0,0.9,273.87,61.2,6.12,341.19,0,2.120058,-1.254092,14.165765,1
0,0.91,270,54,4.32,328.32,0,2.03046,-0.862017,14.106167,1
0,0.92,266.76,49.68,6.48,322.92,0,1.761724,-0.91003,14.147387,1
0,0.93,264.6,44.28,6.48,315.36,0,1.622916,-0.551992,13.883503,1
0,0.94,257.04,39.96,6.48,303.48,0,1.322976,-0.729705,13.801737,1
0,0.95,249.48,36.72,6.48,292.68,0,1.444064,-0.741001,13.702069,1
0,0.96,241.92,34.56,6.48,282.96,0,1.391426,-0.627557,13.695253,1
0,0.97,234.36,32.4,6.48,273.24,0,1.118561,-0.644215,13.914711,1
0,0.98,232.2,27,6.48,265.68,0,0.794236,-0.501569,13.595477,1
0,0.99,228.96,24.84,6.48,260.28,0,0.632809,0.009014,13.74912,1
0,1,228.96,21.6,6.48,257.04,0,0.538423,-0.054956,13.823558,1
0,1.01,232.2,21.6,6.48,260.28,0,0.345449,-0.38939,13.593184,1
0,1.02,234.36,19.44,6.48,260.28,0,0.298894,-0.372735,13.585993,1
0,1.03,234.36,19.44,6.48,260.28,0,0.144591,-0.655711,13.280014,1
0,1.04,236.52,19.44,4.32,260.28,0,0.044389,-0.675702,13.22924,1
0,1.05,239.76,19.44,6.48,265.68,0,0.087741,-0.659193,13.287872,1
0,1.06,236.64,22.44,7.14,266.22,0,-0.01342,-0.704546,13.285808,1
0,1.07,239.7,22.44,7.14,269.28,0,-0.148141,-0.641532,13.423093,1
0,1.08,239.7,24.48,7.14,271.32,0,-0.209079,-0.506127,13.558141,1
0,1.09,244.8,26.52,7.14,278.46,0,0.047297,-0.419312,13.579454,1
0,1.1,246.84,29.58,7.14,283.56,0,0.557439,-0.295227,13.64348,1
0,1.11,249.9,29.58,7.14,286.62,0,0.510078,-0.430422,13.504783,1
0,1.12,251.94,31.62,7.14,290.7,0,0.61634,-0.483943,13.547066,1
0,1.13,255,31.62,7.14,293.76,0,0.670897,-0.565768,13.598768,1
0,1.14,249.9,34.68,7.14,291.72,0,0.780783,-0.633919,13.611312,1
0,1.15,249.9,34.68,7.14,291.72,0,0.602993,-0.779414,13.453524,1
0,1.16,246.84,36.72,7.14,290.7,0,0.199336,-1.179676,12.893405,1
0,1.17,246.84,39.78,7.14,293.76,0,0.455489,-1.190277,12.914873,1
0,1.18,246.84,41.82,7.14,295.8,0,0.322075,-1.262917,12.790821,1
0,1.19,251.94,44.88,7.14,303.96,0,0.861545,-0.566315,13.315111,1
0,1.2,251.94,46.92,7.14,306,0,0.886054,-0.495321,13.256027,1
0,1.21,255,52.5,5,312.5,0,1.000466,-1.394009,12.629334,1
0,1.22,255,52.5,7.5,315,0,0.946396,-1.122459,12.706926,1
0,1.23,257.5,55,7.5,320,0,0.95299,-1.048988,12.760471,1
0,1.24,260,57.5,7.5,325,0,0.896745,-1.103422,12.870732,1
0,1.25,262.5,60,7.5,330,0,0.759356,-1.468951,13.260265,1
0,1.26,265,65,7.5,337.5,0,0.754887,-1.50426,13.253556,1
0,1.27,270,67.5,7.5,345,0,0.826083,-1.583563,13.195111,1
0,1.28,272.5,70,10,352.5,0,0.896749,-1.695939,13.103798,1
0,1.29,277.5,70,7.5,355,0,0.971501,-1.763299,13.039541,1
0,1.3,282.5,70,7.5,360,0,0.966991,-1.778869,13.066882,1
0,1.31,287.5,70,7.5,365,0,1.300282,-1.408668,13.495218,1
0,1.32,287.5,70,7.5,365,0,1.231673,-1.867431,13.098526,1
0,1.33,290,67.5,7.5,365,0,1.297121,-1.868877,13.092462,1
0,1.34,297.5,65,7.5,370,0,1.272451,-1.896065,13.015498,1
0,1.35,302.5,62.5,7.5,372.5,0,1.357044,-1.881732,12.937517,1
0,1.36,312.5,55,5,372.5,0,1.45116,-1.803014,12.883026,1
0,1.37,322.34,49.7,4.26,376.3,0,1.423364,-1.739563,12.783509,1
0,1.38,332.28,44.02,4.26,380.56,0,1.57933,-1.591479,12.664924,1
0,1.39,336.54,39.76,4.26,380.56,0,1.625607,-1.59431,12.571721,1
0,1.4,342.22,34.08,4.26,380.56,0,1.75099,-1.217684,12.807154,1
0,1.41,343.64,29.82,1.42,374.88,0,1.807384,-1.695461,12.356116,1
0,1.42,343.64,26.98,1.42,372.04,0,1.737195,-1.767424,12.467226,1
0,1.43,343.64,24.14,1.42,369.2,0,1.751541,-1.537615,12.272006,1
0,1.44,343.64,21.3,1.42,366.36,0,1.739139,-1.498897,12.181666,1
0,1.45,346.48,19.88,1.42,367.78,0,1.62813,-1.479132,12.106891,1
0,1.46,346.48,17.04,1.42,364.94,0,1.57159,-1.421725,12.040537,1
0,1.47,349.32,17.04,1.42,367.78,0,1.538618,-1.436255,11.954003,1
0,1.48,352.16,14.2,0,366.36,0,1.564556,-1.585664,11.851928,1
0,1.49,352.16,14.2,1.42,367.78,0,1.206657,-1.342203,11.987587,1
0,1.5,355,11.36,1.42,367.78,0,1.228737,-1.25807,12.037703,1
0,1.51,355,9.94,1.42,366.36,0,1.261216,-1.234855,12.062899,1
0,1.52,354.27,7.35,1.47,363.09,0,1.275147,-1.188847,12.089604,1
0,1.53,357.21,7.35,1.47,366.03,0,1.337824,-1.147173,12.152804,1
0,1.54,358.68,7.35,1.47,367.5,0,1.498874,-1.280456,12.077303,1
0,1.55,358.68,4.41,1.47,364.56,0,1.517759,-1.003955,12.317215,1
0,1.56,361.62,1.47,1.47,364.56,0,1.624077,-0.95731,12.403455,1
0,1.57,361.62,1.47,1.47,364.56,0,1.682157,-1.224856,12.36415,1
0,1.58,364.56,1.47,1.47,367.5,0,1.731372,-1.222203,12.463651,1
0,1.59,364.56,1.47,1.47,367.5,0,1.799001,-1.205839,12.532317,1
0,1.6,364.56,1.47,1.47,367.5,0,1.834174,-0.861517,12.854616,1
0,1.61,364.56,1.47,1.47,367.5,0,1.825118,-1.251625,12.59658,1
0,1.62,364.56,1.47,1.47,367.5,0,1.874923,-1.138196,12.626687,1
0,1.63,367.5,4.41,1.47,373.38,0,1.857577,-1.149342,12.608879,1
0,1.64,367.5,4.41,1.47,373.38,0,1.843462,-1.285839,12.489761,1
0,1.65,364.56,4.41,1.47,370.44,0,1.796459,-0.913128,12.718219,1
0,1.66,367.5,4.41,1.47,373.38,0,1.799528,-1.199914,12.413451,1
0,1.67,367.5,4.41,1.47,373.38,0,1.789331,-1.234061,12.330504,1
0,1.68,367.5,4.41,1.47,373.38,0,1.782654,-1.158976,12.271577,1
0,1.69,367.5,7.35,1.47,376.32,0,1.755433,-1.147744,12.231047,1
0,1.7,367.5,7.35,1.47,376.32,0,1.73536,-1.124014,12.219059,1
0,1.71,364.56,7.35,1.47,373.38,0,1.664625,-1.113636,12.193622,1
0,1.72,364.56,7.35,1.47,373.38,0,1.617725,-1.132923,12.130197,1
0,1.73,367.5,8.82,1.47,377.79,0,1.54033,-0.868224,12.220027,1
0,1.74,367.5,8.82,1.47,377.79,0,1.505763,-0.849676,12.161902,1
0,1.75,367.5,8.82,1.47,377.79,0,1.530331,-0.88474,12.100237,1
0,1.76,367.5,8.82,1.47,377.79,0,1.487449,-0.735097,12.16049,1
0,1.77,367.5,8.82,4.41,380.73,0,1.507136,-0.910707,12.093699,1
0,1.78,367.5,8.82,1.47,377.79,0,1.679282,-1.232538,11.949917,1
0,1.79,367.5,8.82,1.47,377.79,0,1.566015,-0.955361,12.088954,1
0,1.8,367.5,8.82,4.41,380.73,0,1.528853,-0.837533,12.135419,1
0,1.81,367.5,8.82,4.41,380.73,0,1.503802,-0.8281,12.153595,1
0,1.82,367.5,8.82,1.47,377.79,0,1.36534,-0.912135,12.092537,1
0,1.83,364.56,8.82,4.41,377.79,0,1.532301,-0.894809,12.189062,1
0,1.84,361.62,8.82,4.41,374.85,0,1.487433,-0.918325,12.169795,1
0,1.85,357.21,8.82,4.41,370.44,0,1.657889,-0.846209,12.160941,1
0,1.86,354.27,8.82,4.41,367.5,0,1.63368,-0.960572,12.339597,1
0,1.87,349.86,8.82,4.41,363.09,0,1.484545,-0.94753,12.321449,1
0,1.88,343.98,11.76,4.41,360.15,0,1.465992,-0.927952,12.284252,1
0,1.89,339.57,11.76,1.47,352.8,0,1.497827,-1.151809,12.044363,1
0,1.9,332.22,14.7,1.47,348.39,0,1.607472,-1.078495,12.053088,1
0,1.91,324.87,14.7,1.47,341.04,0,1.450241,-1.104688,11.884917,1
0,1.92,318.99,16.17,1.47,336.63,0,1.531685,-1.013822,11.816758,1
0,1.93,314.58,19.11,1.47,335.16,0,1.363726,-1.093914,11.540124,1
0,1.94,308.7,19.11,1.47,329.28,0,1.530917,-0.950735,11.434025,1
0,1.95,307.23,22.05,1.47,330.75,0,1.287326,-1.014378,11.202277,1
0,1.96,304.29,22.05,1.47,327.81,0,1.272654,-1.056209,11.117551,1
0,1.97,305,21.96,0,326.96,0,1.079009,-0.802746,11.184155,1
0,1.98,298.9,24.4,0,323.3,0,1.163629,-0.81598,11.137071,1
0,1.99,301.34,24.4,2.44,328.18,0,1.144476,-0.839635,11.05339,1
0,2,296.46,24.4,0,320.86,0,1.206895,-0.871958,11.019144,1
0,2.01,296.46,24.4,0,320.86,0,1.206535,-0.908651,10.991235,1
0,2.02,291.58,26.84,0,318.42,0,1.242269,-0.888905,10.978358,1
0,2.03,291.58,26.84,0,318.42,0,1.189738,-0.905024,11.000492,1
0,2.04,291.58,26.84,0,318.42,0,1.255903,-0.943233,11.075381,1
0,2.05,291.58,26.84,0,318.42,0,1.217321,-0.95189,11.158315,1
0,2.06,291.58,26.84,0,318.42,0,1.172361,-1.002126,11.198844,1
0,2.07,289.14,26.84,0,315.98,0,1.226451,-1.017601,11.23408,1
0,2.08,289.14,26.84,0,315.98,0,1.222795,-1.013243,11.192834,1
0,2.09,289.14,26.84,0,315.98,0,1.211803,-1.047892,11.14609,1
0,2.1,289.14,26.84,0,315.98,0,1.201208,-1.05786,11.126736,1
0,2.11,289.14,26.84,0,315.98,0,1.165594,-1.082046,11.071981,1
0,2.12,287.5,26.45,0,313.95,0,1.160686,-1.090709,11.099582,1
0,2.13,287.5,26.45,0,313.95,0,1.227864,-1.002683,11.057736,1
0,2.14,284.05,26.45,0,310.5,0,1.177467,-1.036392,11.122908,1
0,2.15,281.75,29.9,0,311.65,0,1.195533,-1.056832,11.121786,1
0,2.16,279.45,26.45,0,305.9,0,1.206122,-1.020616,11.109883,1
0,2.17,279.45,26.45,0,305.9,0,1.243437,-0.939505,11.081024,1
0,2.18,277.15,29.9,0,307.05,0,1.296937,-0.851406,11.083618,1
0,2.19,277.15,29.9,0,307.05,0,1.309267,-0.877719,11.171307,1
0,2.2,274.85,32.2,0,307.05,0,1.270427,-0.955923,11.272176,1
0,2.21,274.85,32.2,0,307.05,0,1.358637,-0.843393,11.206029,1
0,2.22,269.1,34.5,0,303.6,0,1.279112,-0.811245,11.260426,1
0,2.23,269.1,34.5,0,303.6,0,1.325314,-0.79669,11.290857,1
0,2.24,271.4,36.8,2.3,310.5,0,1.351416,-0.76698,11.380197,1
0,2.25,274.85,39.1,2.3,316.25,0,1.359524,-0.81838,11.51166,1
0,2.26,277.15,41.4,0,318.55,0,1.416742,-0.769045,11.647316,1
0,2.27,278.73,44.01,1.63,324.37,0,1.465597,-0.782647,11.739132,1
0,2.28,286.88,47.27,0,334.15,0,1.523449,-0.770847,11.756017,1
0,2.29,293.4,48.9,0,342.3,0,1.609019,-0.729059,11.752079,1
0,2.3,301.55,53.79,0,355.34,0,1.699539,-0.641866,11.583618,1
0,2.31,309.7,53.79,0,363.49,0,1.648286,-0.663413,11.671582,1
0,2.32,316.22,53.79,0,370.01,0,1.870599,-0.922491,11.542392,1
0,2.33,321.11,53.79,0,374.9,0,1.739996,-0.581814,11.740861,1
0,2.34,329.26,53.79,0,383.05,0,1.838193,-0.840324,11.628237,1
0,2.35,339.04,52.16,0,391.2,0,1.764562,-0.827537,11.591217,1
0,2.36,353.71,48.9,0,402.61,0,1.671981,-0.805564,11.451486,1
0,2.37,371.64,44.01,0,415.65,0,1.391137,-0.622455,11.278225,1
0,2.38,386.31,39.12,0,425.43,0,1.115797,-0.470267,11.595102,1
0,2.39,396.09,30.97,0,427.06,0,0.641281,-0.537949,11.474063,1
0,2.4,404.24,26.08,0,430.32,0,0.388601,-0.772721,11.304515,1
0,2.41,407.5,21.19,0,428.69,0,0.017052,-0.417065,11.474468,1
0,2.42,418.5,16.74,0,435.24,0,-0.687075,0.219345,11.165896,1
0,2.43,425.94,14.88,0,440.82,0,-0.731862,0.365407,10.834363,1
0,2.44,429.66,9.3,0,438.96,0,-1.544203,1.009539,10.988744,1
0,2.45,429.66,7.44,0,437.1,0,-2.342913,0.935147,10.470491,1
0,2.46,425.94,1.86,0,427.8,0,-2.893838,1.230286,10.621943,1
0,2.47,425.94,0,0,425.94,0,-3.360183,2.103994,10.625058,1
0,2.48,431.52,0,0,431.52,0,-3.958966,2.342105,10.091857,1
0,2.49,440.82,0,0,440.82,0,-5.078594,2.530766,9.914659,1
0,2.5,451.98,0,0,451.98,0,-6.072664,3.512649,9.972779,1
0,2.51,461.28,0,0,461.28,0,-6.821671,3.316756,9.43643,1
0,2.52,465,0,0,465,0,-8.606366,4.149965,9.540975,1
0,2.53,461.28,0,0,461.28,0,-9.827651,4.534354,9.230535,1
0,2.54,459.42,0,0,459.42,0,-11.013097,4.256465,9.063196,1
0,2.55,451.98,0,0,451.98,0,-12.80493,4.914492,8.774977,1
0,2.56,444.54,0,0,444.54,0,-14.461033,4.0318,8.162295,1
0,2.57,427.5,0,0,427.5,0,-15.616057,5.193568,8.45818,1
0,2.58,417.24,0,0,417.24,0,-16.849471,5.760782,7.976608,1
0,2.59,408.69,0,0,408.69,0,-17.747055,6.021614,8.140612,1
0,2.6,403.56,0,0,403.56,0,-19.407373,6.320251,7.680356,1
0,2.61,403.56,0,0,403.56,0,-20.928777,6.826428,7.484532,1
0,2.62,403.56,0,0,403.56,0,-22.976273,6.507828,6.709375,1
0,2.63,401.85,0,0,401.85,0,-24.271168,6.968537,6.221676,1
0,2.64,398.43,0,0,398.43,0,-25.567779,6.903224,5.88403,1
0,2.65,393.3,0,0,393.3,0,-26.803761,6.809859,5.953094,1
0,2.66,389.88,0,0,389.88,0,-27.941036,7.395293,5.138706,1
0,2.67,389.88,0,0,389.88,0,-29.130086,7.627222,4.946545,1
0,2.68,386.46,0,0,386.46,0,-30.295587,7.739276,4.588891,1
0,2.69,384.75,0,0,384.75,0,-31.147601,7.901161,4.424499,1
0,2.7,386.46,0,0,386.46,0,-32.037197,7.614961,4.575112,1
0,2.71,389.88,0,0,389.88,0,-32.601182,7.699537,4.407631,1
0,2.72,395.65,0,0,395.65,0,-32.923378,7.784936,3.956354,1
0,2.73,403.85,0,0,403.85,0,-33.293652,7.783079,3.908992,1
0,2.74,416.15,0,0,416.15,0,-33.384152,7.85712,3.965645,1
0,2.75,430.5,0,0,430.5,0,-33.503011,7.859293,3.934313,1
0,2.76,444.85,0,0,444.85,0,-33.58613,7.904251,3.91047,1
0,2.77,453.05,0,0,453.05,0,-33.609341,7.964371,3.947861,1
0,2.78,463.3,0,0,463.3,0,-33.534639,8.018324,4.0956,1
0,2.79,479.7,0,0,479.7,0,-33.056097,8.089361,3.971811,1
0,2.8,492,0,0,492,0,-33.1008,7.912311,4.15957,1
0,2.81,502.25,0,0,502.25,0,-32.847994,7.919959,4.223781,1
0,2.82,506.35,0,0,506.35,0,-32.674509,7.968133,4.241557,1
0,2.83,512.5,0,0,512.5,0,-32.597622,7.926516,4.761113,1
0,2.84,512.5,0,0,512.5,0,-32.336293,7.948216,4.971878,1
0,2.85,508.4,0,0,508.4,0,-31.989211,8.023664,4.757737,1
0,2.86,506.35,0,0,506.35,0,-31.798578,7.866382,4.882269,1
0,2.87,500,0,0,500,0,-31.771539,7.689594,5.119043,1
0,2.88,492,0,0,492,0,-31.741108,7.503917,5.373466,1
0,2.89,484,0,0,484,0,-31.705033,7.34514,5.354553,1
0,2.9,480,0,0,480,0,-31.746222,7.229685,5.288159,1
0,2.91,472,0,0,472,0,-31.840174,7.230189,5.218264,1
0,2.92,462,0,0,462,0,-32.018954,7.269605,5.115921,1
0,2.93,454,0,0,454,0,-32.100298,7.482994,4.973341,1
0,2.94,450,0,0,450,0,-32.499806,7.586621,4.671628,1
0,2.95,446,0,0,446,0,-32.730715,7.75279,4.51021,1
0,2.96,442,0,0,442,0,-32.979249,7.878856,4.643542,1
0,2.97,440,0,0,440,0,-33.195477,7.983876,4.527314,1
0,2.98,436,0,0,436,0,-33.379705,7.941866,4.503459,1
0,2.99,436,0,0,436,0,-33.419151,7.9627,4.370877,1
0,3,440,0,0,440,0,-33.184079,8.017924,4.191864,1
0,3.01,442,0,0,442,0,-33.092528,8.070613,4.049063,1
0,3.02,443.52,0,0,443.52,0,-33.048381,8.032845,4.099058,1
0,3.03,449.28,0,0,449.28,0,-32.96189,8.027487,4.167386,1
0,3.04,453.12,0,0,453.12,0,-32.977599,7.89556,4.255883,1
0,3.05,458.88,0,0,458.88,0,-32.935609,7.851309,4.317727,1
0,3.06,468.48,0,0,468.48,0,-32.727679,7.905169,4.308179,1
0,3.07,472.32,0,0,472.32,0,-32.708548,7.907516,4.290071,1
0,3.08,476.16,0,0,476.16,0,-32.653346,7.919334,4.684039,1
0,3.09,480,0,0,480,0,-32.514506,7.900104,4.780798,1
0,3.1,480,0,0,480,0,-32.307437,7.94764,4.826123,1
0,3.11,476.16,0,0,476.16,0,-31.967766,8.08114,4.87778,1
0,3.12,476.16,0,0,476.16,0,-31.807331,7.971347,4.997655,1
0,3.13,474.24,0,0,474.24,0,-31.724257,7.899548,5.100977,1
0,3.14,468.48,0,0,468.48,0,-31.539088,7.670854,5.176962,1
0,3.15,460.8,0,0,460.8,0,-31.56219,7.506758,5.096029,1
0,3.16,453.12,0,0,453.12,0,-31.540161,7.591592,5.015138,1
0,3.17,445,0,0,445,0,-31.49943,7.632893,4.900841,1
0,3.18,434.32,0,0,434.32,0,-31.554307,7.659467,4.761157,1
0,3.19,427.2,0,0,427.2,0,-31.45604,7.837063,4.712339,1
0,3.2,416.52,0,0,416.52,0,-31.40614,7.976751,4.625041,1
0,3.21,409.4,0,0,409.4,0,-31.349083,8.027184,4.632683,1
0,3.22,404.06,0,0,404.06,0,-31.301707,8.064386,4.861787,1
0,3.23,402.28,0,0,402.28,0,-31.241295,8.084565,4.771403,1
0,3.24,398.72,0,0,398.72,0,-31.273559,7.979334,4.860972,1
0,3.25,391.6,0,0,391.6,0,-30.998091,7.773656,4.822632,1
0,3.26,384.48,0,0,384.48,0,-30.989048,7.738914,4.756009,1
0,3.27,379.14,0,0,379.14,0,-30.893274,7.717369,4.826294,1
0,3.28,373.8,0,0,373.8,0,-30.799436,7.661919,5.08907,1
0,3.29,372.02,0,0,372.02,0,-30.42615,7.57936,5.276364,1
0,3.3,372.02,0,0,372.02,0,-29.792607,7.960577,4.810762,1
0,3.31,372.02,0,0,372.02,0,-29.738397,7.746193,5.477872,1
0,3.32,374.4,0,0,374.4,0,-29.272741,7.785232,5.172619,1
0,3.33,371.28,0,0,371.28,0,-28.683486,7.866445,5.18397,1
0,3.34,371.28,0,0,371.28,0,-28.188035,7.813136,5.430544,1
0,3.35,379.08,0,0,379.08,0,-27.813234,7.510868,5.63449,1
0,3.36,383.76,0,0,383.76,0,-27.139807,7.517616,5.70036,1
0,3.37,390,0,0,390,0,-26.815706,7.387809,5.818129,1
0,3.38,390,0,0,390,0,-26.194084,7.302893,5.900573,1
0,3.39,386.88,0,0,386.88,0,-25.538144,6.862665,5.96068,1
0,3.4,383.76,0,0,383.76,0,-24.68216,6.795763,6.122586,1
0,3.41,374.4,0,0,374.4,0,-24.027231,6.653876,6.075811,1
0,3.42,358.8,0,0,358.8,0,-22.959086,6.67539,6.309294,1
0,3.43,341.64,0,0,341.64,0,-22.248278,6.226894,6.699539,1
0,3.44,333.84,0,0,333.84,0,-21.384213,6.343069,6.688662,1
0,3.45,332.28,0,0,332.28,0,-20.451774,6.403764,6.798254,1
0,3.46,336.96,0,0,336.96,0,-19.953184,6.088361,7.140226,1
0,3.47,341.04,0,0,341.04,0,-18.905088,5.90131,7.190381,1
0,3.48,343.98,0,0,343.98,0,-18.15726,5.570836,7.150442,1
0,3.49,341.04,0,0,341.04,0,-17.67151,5.26222,7.041308,1
0,3.5,341.04,0,0,341.04,0,-17.248514,4.66414,6.732426,1
0,3.51,333.69,0,0,333.69,0,-16.743033,4.555664,6.887227,1
0,3.52,329.28,0,0,329.28,0,-16.305335,4.222294,6.986158,1
0,3.53,321.93,0,0,321.93,0,-15.891508,3.784197,7.200752,1
0,3.54,314.58,0,0,314.58,0,-15.156374,3.409665,7.31521,1
0,3.55,308.7,0,0,308.7,0,-13.162136,3.608655,7.831958,1
0,3.56,321.93,0,0,321.93,0,-12.166164,3.778886,8.237069,1
0,3.57,336.63,4.41,0,341.04,0,-11.168111,3.060161,8.033778,1
0,3.58,349.86,4.41,0,354.27,0,-10.556044,3.083403,8.161586,1
0,3.59,358.68,7.35,0,366.03,0,-9.931573,3.15079,8.516891,1
0,3.6,367.5,8.82,0,376.32,0,-9.397275,2.956936,8.424569,1
0,3.61,367.5,8.82,0,376.32,0,-8.428614,2.432449,8.717748,1
0,3.62,357.5,11.44,0,368.94,0,-8.016281,2.205999,8.864543,1
0,3.63,338.91,14.3,0,353.21,0,-7.56738,2.053179,8.942474,1
0,3.64,321.75,17.16,0,338.91,0,-6.983485,2.050821,8.965427,1
0,3.65,301.73,21.45,0,323.18,0,-6.263763,1.615919,8.939302,1
0,3.66,298.87,27.17,0,326.04,0,-5.845346,1.167451,9.264113,1
0,3.67,307.45,34.32,0,341.77,0,-5.022175,0.715479,9.163258,1
0,3.68,314.6,41.47,0,356.07,0,-4.138011,0.973425,9.346346,1
0,3.69,327.47,48.62,0,376.09,0,-3.844241,0.336346,9.920739,1
0,3.7,338.91,54.34,0,393.25,0,-3.317446,-0.110322,10.200538,1
0,3.71,347.49,58.63,0,406.12,0,-2.988427,-0.476274,10.012261,1
0,3.72,348.92,61.49,0,410.41,0,-2.444339,-1.093925,9.951399,1
0,3.73,347.49,67.21,0,414.7,0,-2.186153,-1.171556,10.433628,1
0,3.74,341.77,71.5,0,413.27,0,-1.7757,-1.197187,10.344061,1
0,3.75,327.47,71.5,0,398.97,0,-1.651868,-1.280271,10.398201,1
0,3.76,307.45,74.36,0,381.81,0,-1.459588,-1.319183,10.520453,1
0,3.77,291.46,74.34,0,365.8,0,-1.227918,-1.413059,10.679185,1
0,3.78,279.66,74.34,0,354,0,-0.858766,-1.480141,10.639914,1
0,3.79,271.4,74.34,0,345.74,0,-0.646339,-1.277377,10.563132,1
0,3.8,264.32,74.34,0,338.66,0,-0.408303,-1.471949,10.650926,1
0,3.81,261.96,76.7,0,338.66,0,-0.288592,-1.686133,10.620237,1
0,3.82,264.32,76.7,0,341.02,0,-0.153506,-1.795795,10.64695,1
0,3.83,269.04,76.7,0,345.74,0,-0.15055,-1.725956,10.790172,1
0,3.84,274.94,76.7,0,351.64,0,-0.147976,-1.807578,10.77154,1
0,3.85,282.02,79.06,0,361.08,0,-0.219511,-2.056048,10.633786,1
0,3.86,286.74,76.7,0,363.44,0,-0.246424,-2.049101,10.543959,1
0,3.87,291.46,74.34,0,365.8,0,-0.36363,-2.018996,10.366655,1
0,3.88,291.46,69.62,0,361.08,0,-0.340373,-2.203377,10.548428,1
0,3.89,291.46,67.26,0,358.72,0,-0.339031,-2.114068,10.568468,1
0,3.9,291.46,61.36,0,352.82,0,-0.308882,-2.008304,10.601726,1
0,3.91,295,59,0,354,0,-0.380085,-1.956748,10.558082,1
0,3.92,292.5,57.33,0,349.83,0,-0.475681,-1.860254,10.452955,1
0,3.93,292.5,54.99,0,347.49,0,-0.57029,-1.867808,10.456349,1
0,3.94,288.99,49.14,0,338.13,0,-0.678408,-1.946192,10.547365,1
0,3.95,288.99,46.8,0,335.79,0,-0.790521,-1.911423,10.474547,1
0,3.96,286.65,46.8,0,333.45,0,-0.898366,-1.764296,10.408617,1
0,3.97,284.31,44.46,0,328.77,0,-1.017578,-1.768674,10.314597,1
0,3.98,286.65,44.46,0,331.11,0,-1.051287,-1.694544,10.245516,1
0,3.99,286.65,44.46,0,331.11,0,-1.012967,-1.609277,10.276443,1
0,4,286.65,44.46,0,331.11,0,-0.975956,-1.539604,10.346241,1
0,4.01,284.31,44.46,0,328.77,0,-1.033836,-1.558233,10.381233,1
0,4.02,284.31,44.46,0,328.77,0,-1.022193,-1.525481,10.427736,1
0,4.03,286.65,44.46,0,331.11,0,-1.068964,-1.554608,10.428985,1
0,4.04,286.65,46.8,0,333.45,0,-0.992495,-1.536253,10.52465,1
0,4.05,288.99,46.8,0,335.79,0,-1.040013,-1.528779,10.547906,1
0,4.06,286.65,46.8,0,333.45,0,-0.857173,-1.689312,10.58042,1
0,4.07,289.17,49.98,0,339.15,0,-0.970719,-1.820864,10.513565,1
0,4.08,289.17,49.98,0,339.15,0,-0.915889,-1.876824,10.517921,1
0,4.09,291.55,52.36,0,343.91,0,-0.873621,-1.885086,10.522641,1
0,4.1,291.55,52.36,0,343.91,0,-0.774563,-1.926544,10.557711,1
0,4.11,293.93,54.74,0,348.67,0,-0.81523,-1.929709,10.5969,1
0,4.12,293.93,54.74,0,348.67,0,-0.734627,-1.985989,10.711413,1
0,4.13,297.5,54.74,0,352.24,0,-0.664325,-2.04422,10.782742,1
0,4.14,293.93,54.74,0,348.67,0,-0.659719,-2.002508,10.82776,1
0,4.15,293.93,54.74,0,348.67,0,-0.639693,-2.045618,10.833902,1
0,4.16,293.93,54.74,0,348.67,0,-0.703083,-2.037731,10.78536,1
0,4.17,293.93,52.36,0,346.29,0,-0.740811,-2.026501,10.792319,1
0,4.18,293.93,52.36,0,346.29,0,-0.72796,-2.038046,10.821069,1
0,4.19,293.93,54.74,0,348.67,0,-0.797452,-2.049089,10.805777,1
0,4.2,293.93,52.36,0,346.29,0,-0.822604,-2.078535,10.791857,1
0,4.21,297.5,54.74,0,352.24,0,-0.738233,-1.956958,10.572883,1
0,4.22,296.43,54.12,0,350.55,0,-0.701689,-1.952524,10.544273,1
0,4.23,296.43,54.12,0,350.55,0,-0.80544,-1.925285,10.540555,1
0,4.24,296.43,51.66,0,348.09,0,-0.847305,-1.947705,10.538596,1
0,4.25,293.97,54.12,0,348.09,0,-0.7878,-1.921101,10.555575,1
0,4.26,296.43,54.12,0,350.55,0,-0.781906,-1.943029,10.531439,1
0,4.27,296.43,54.12,0,350.55,0,-0.72526,-1.907312,10.566839,1
0,4.28,298.89,56.58,0,355.47,0,-0.837834,-2.027412,10.531803,1
0,4.29,296.43,56.58,0,353.01,0,-0.669713,-1.903652,10.643878,1
0,4.3,298.89,56.58,0,355.47,0,-0.681211,-1.896549,10.699791,1
0,4.31,301.35,59.04,0,360.39,0,-0.656196,-1.916343,10.708921,1
0,4.32,301.35,59.04,0,360.39,0,-0.647872,-1.988726,10.613499,1
0,4.33,303.81,61.5,0,365.31,0,-0.632799,-2.110816,10.639858,1
0,4.34,303.81,61.5,0,365.31,0,-0.587233,-2.163964,10.55062,1
0,4.35,303.81,61.5,0,365.31,0,-0.581389,-2.16287,10.571092,1
0,4.36,307.5,63.96,0,371.46,0,-0.583016,-2.2313,10.533269,1
0,4.37,307.44,61.74,0,369.18,0,-0.659905,-2.309408,10.459557,1
0,4.38,309.96,61.74,0,371.7,0,-0.615142,-2.304572,10.455827,1
0,4.39,309.96,61.74,0,371.7,0,-0.630933,-2.308916,10.448157,1
0,4.4,309.96,61.74,0,371.7,0,-0.650207,-2.340414,10.43078,1
0,4.41,309.96,61.74,0,371.7,0,-0.577705,-2.344069,10.447184,1
0,4.42,309.96,61.74,0,371.7,0,-0.741221,-2.489476,10.597667,1
0,4.43,312.48,61.74,0,374.22,0,-0.606,-2.341059,10.530442,1
0,4.44,312.48,59.22,0,371.7,0,-0.700358,-2.46325,10.714445,1
0,4.45,309.96,59.22,0,369.18,0,-0.635309,-2.4088,10.706701,1
0,4.46,309.96,59.22,0,369.18,0,-0.739691,-2.433762,10.648541,1
0,4.47,309.96,59.22,0,369.18,0,-0.795321,-2.476696,10.592558,1
0,4.48,312.48,59.22,0,371.7,0,-0.609375,-2.344965,10.665476,1
0,4.49,312.48,59.22,0,371.7,0,-0.629545,-2.319937,10.68836,1
0,4.5,315,59.22,0,374.22,0,-0.526433,-2.336084,10.72125,1
0,4.51,315,59.22,0,374.22,0,-0.543935,-2.333974,10.747513,1
0,4.52,315,59.22,0,374.22,0,-0.52502,-2.317749,10.723643,1
0,4.53,312.48,59.22,0,371.7,0,-0.545374,-2.220692,10.780341,1
0,4.54,315,59.22,0,374.22,0,-0.587873,-2.248594,10.74429,1
0,4.55,312.48,59.22,0,371.7,0,-0.530813,-2.312925,10.714403,1
0,4.56,315,59.22,0,374.22,0,-0.581857,-2.395327,10.657564,1
0,4.57,315,59.22,0,374.22,0,-0.683982,-2.341055,10.690373,1
0,4.58,312.48,59.22,0,371.7,0,-0.582163,-2.281364,10.738714,1
0,4.59,312.48,59.22,0,371.7,0,-0.609528,-2.469643,10.643259,1
0,4.6,312.48,59.22,0,371.7,0,-0.67673,-2.369564,10.673748,1
0,4.61,312.48,59.22,0,371.7,0,-0.62649,-2.477342,10.628372,1
0,4.62,312.48,59.22,0,371.7,0,-0.658727,-2.46333,10.658351,1
0,4.63,312.48,56.7,0,369.18,0,-0.643882,-2.490379,10.602422,1
0,4.64,312.48,56.7,0,369.18,0,-0.712579,-2.394204,10.646714,1
0,4.65,315,56.7,0,371.7,0,-0.647292,-2.394883,10.658234,1
0,4.66,315,56.7,0,371.7,0,-0.590044,-2.257527,10.731103,1
0,4.67,315,56.7,0,371.7,0,-0.560072,-2.271965,10.774535,1
0,4.68,314.6,57.2,0,371.8,0,-0.521581,-2.062789,10.559377,1
0,4.69,314.6,54.6,0,369.2,0,-0.545946,-2.085378,10.619011,1
0,4.7,314.6,57.2,0,371.8,0,-0.621436,-2.095587,10.613415,1
0,4.71,317.2,57.2,0,374.4,0,-0.601047,-2.037608,10.635302,1
0,4.72,317.2,54.6,0,371.8,0,-0.595518,-2.081898,10.622271,1
0,4.73,317.2,54.6,0,371.8,0,-0.623547,-2.101661,10.606688,1
0,4.74,319.8,52,0,371.8,0,-0.712222,-2.189122,10.827118,1
0,4.75,319.8,49.4,0,369.2,0,-0.710724,-2.185979,10.868974,1
0,4.76,319.8,49.4,0,369.2,0,-0.702377,-2.151185,10.90675,1
0,4.77,319.8,49.4,0,369.2,0,-0.792531,-2.122804,10.939548,1
0,4.78,322.4,46.8,0,369.2,0,-0.818925,-2.101702,10.939398,1
0,4.79,319.8,46.8,0,366.6,0,-0.866481,-2.068519,10.941065,1
0,4.8,322.4,44.2,0,366.6,0,-0.891612,-2.039083,10.920945,1
0,4.81,322.4,44.2,0,366.6,0,-0.869383,-2.051213,10.965467,1
0,4.82,325,44.2,0,369.2,0,-0.867519,-2.010151,11.041364,1
0,4.83,324.52,43.89,0,368.41,0,-0.897018,-2.003282,11.040186,1
0,4.84,324.52,43.89,0,368.41,0,-0.810416,-1.917122,11.078686,1
0,4.85,324.52,43.89,0,368.41,0,-0.872748,-1.937895,11.038113,1
0,4.86,329.84,41.23,0,371.07,0,-0.847947,-1.922872,11.062249,1
0,4.87,327.18,41.23,0,368.41,0,-0.894666,-1.845384,11.084096,1
0,4.88,329.84,39.9,0,369.74,0,-0.906762,-1.864529,11.114757,1
0,4.89,329.84,39.9,0,369.74,0,-0.924293,-1.858845,11.093415,1
0,4.9,329.84,39.9,0,369.74,0,-0.869361,-2.025841,11.028081,1
0,4.91,329.84,37.24,0,367.08,0,-0.903144,-2.112766,10.987301,1
0,4.92,329.84,37.24,0,367.08,0,-1.043134,-1.817707,11.1279,1
0,4.93,332.5,37.24,0,369.74,0,-1.02434,-1.790661,11.158965,1
0,4.94,332.5,37.24,0,369.74,0,-1.123863,-1.762054,11.166681,1
0,4.95,332.5,37.24,0,369.74,0,-1.12528,-1.756448,11.152767,1
0,4.96,332.5,37.24,0,369.74,0,-1.141323,-1.755551,11.163366,1
0,4.97,332.5,34.58,0,367.08,0,-1.085858,-1.510514,10.818795,1
0,4.98,332.1,33.75,0,365.85,0,-1.149257,-1.687768,11.070433,1
0,4.99,332.1,32.4,0,364.5,0,-1.055848,-1.483735,10.729062,1
0,5,334.8,33.75,0,368.55,0,-1.14218,-1.509203,10.923382,1
